lalo,100000
ldkï¿½ljfklndsavlfaslg,50000
holka,0
lao,50000
luisito,1000000
nolita,0
lLO,700000
lalo,0
lalo,0
lalo,0
lalo,0
lalo,0
lalo,0
lalo,0
lalo,0
lalo,0
lalo,0
lalo,0
lalo,0
lalo,0
lalo,0
lalo,0
lalo,0
lalo,0
lalo,0
lalo,0
lalo,0
lalo,0
lalo,0
lalo,0
lalo,0
lalo,0
lalo,0
lalo,0
lalo,0
lalo,0
lalo,0
lalo,0
lalo,0
lalo,0
lalo,0
lalo,0
lalo,0
lalo,0
lalo,0
lalo,0
lalo,0
lalo,0
lalo,0
lalo,0
lalo,0
lalo,0
lalo,0
lalo,0
lalo,0
lalo,0
lalo,0
lalo,0
lalo,0
lalo,0
lalo,0
lalo,0
lalo,0
lalo,0
lalo,0
lalo,0
lalo,0
lalo,0
lalo,0
lalo,0
lalo,0
lalo,0
lalo,0
lalo,0
lalo,0
lalo,0
lalo,0
lalo,0
lalo,0
lalo,0
lalo,0
lalo,0
lalo,0
lalo,0
lalo,0
lalo,0
lalo,0
lalo,0
lalo,0
lalo,0
lalo,0
lalo,0
lalo,0
lalo,0
lalo,0
lalo,0
lalo,0
lalo,0
lalo,0
lalo,0
lalo,0
lalo,0
lalo,0
lalo,0
lalo,0
lalo,0
lalo,0
lalo,0
lalo,0
lalo,0
lalo,0
lalo,0
lalo,0
lalo,0
lalo,0
lalo,0
lalo,0
lalo,0
lalo,0
lalo,0
lalo,0
lalo,0
lalo,0
lalo,0
lalo,0
lalo,0
lalo,0
lalo,0
lalo,0
lalo,0
lalo,0
lalo,0
lalo,0
lalo,0
lalo,0
lalo,0
lalo,0
lalo,0
lalo,0
lalo,0
lalo,0
lalo,0
lalo,0
lalo,0
lalo,0
lalo,0
lalo,0
lalo,0
lalo,0
lalo,0
lalo,0
lalo,0
lalo,0
lalo,0
lalo,0
lalo,0
lalo,0
lalo,0
lalo,0
lalo,0
lalo,0
lalo,0
lalo,0
lalo,0
lalo,0
lalo,0
lalo,0
lalo,0
lalo,0
lalo,0
lalo,0
lalo,0
lalo,0
lalo,0
lalo,0
lalo,0
lalo,0
lalo,0
lalo,0
lalo,0
lalo,0
lalo,0
lalo,0
lalo,0
lalo,0
lalo,0
lalo,0
lalo,0
lalo,0
lalo,0
lalo,0
lalo,0
lalo,0
lalo,0
lalo,0
lalo,0
lalo,0
lalo,0
lalo,0
lalo,0
lalo,0
lalo,0
lalo,0
lalo,0
lalo,0
lalo,0
lalo,0
lalo,0
lalo,0
lalo,0
lalo,0
lalo,0
lalo,0
lalo,0
lalo,0
lalo,0
lalo,0
lalo,0
lalo,0
lalo,0
lalo,0
lalo,0
lalo,0
lalo,0
lalo,0
lalo,0
lalo,0
lalo,0
lalo,0
lalo,0
lalo,0
lalo,0
lalo,0
lalo,0
lalo,0
lalo,0
lalo,0
lalo,0
lalo,0
lalo,0
lalo,0
lalo,0
lalo,0
lalo,0
lalo,0
lalo,0
lalo,0
lalo,0
lalo,0
lalo,0
lalo,0
lalo,0
lalo,0
lalo,0
lalo,0
lalo,0
lalo,0
lalo,0
lalo,0
lalo,0
lalo,0
lalo,0
lalo,0
lalo,0
lalo,0
lalo,0
lalo,0
lalo,0
lalo,0
lalo,0
lalo,0
lalo,0
lalo,0
lalo,0
lalo,0
lalo,0
lalo,0
lalo,0
lalo,0
lalo,0
lalo,0
lalo,0
lalo,0
lalo,0
lalo,0
lalo,0
lalo,0
lalo,0
lalo,0
lalo,0
lalo,0
lalo,0
lalo,0
lalo,0
lalo,0
lalo,0
lalo,0
lalo,0
lalo,0
lalo,0
lalo,0
lalo,0
lalo,0
lalo,0
lalo,0
lalo,0
lalo,0
lalo,0
lalo,0
lalo,0
lalo,0
lalo,0
lalo,0
lalo,0
lalo,0
lalo,0
lalo,0
lalo,0
lalo,0
lalo,0
lalo,0
lalo,0
lalo,0
lalo,0
lalo,0
lalo,0
lalo,0
lalo,0
lalo,0
lalo,0
lalo,0
lalo,0
lalo,0
lalo,0
lalo,0
lalo,0
lalo,0
lalo,0
lalo,0
lalo,0
lalo,0
lalo,0
lalo,0
lalo,0
lalo,0
lalo,0
lalo,0
lalo,0
lalo,0
lalo,0
lalo,0
lalo,0
lalo,0
lalo,0
lalo,0
lalo,0
lalo,0
lalo,0
lalo,0
lalo,0
lalo,0
lalo,0
lalo,0
lalo,0
lalo,0
lalo,0
lalo,0
lalo,0
lalo,0
lalo,0
lalo,0
lalo,0
lalo,0
lalo,0
kiko,0
kiko,0
kiko,0
kiko,0
kiko,0
kiko,0
kiko,0
kiko,0
kiko,0
kiko,0
kiko,0
kiko,0
kiko,0
kiko,0
kiko,0
kiko,0
kiko,0
kiko,0
kiko,0
kiko,0
kiko,0
kiko,0
kiko,0
kiko,0
kiko,0
kiko,0
kiko,0
kiko,0
kiko,0
kiko,0
kiko,0
kiko,0
kiko,0
kiko,0
kiko,0
kiko,0
kiko,0
kiko,0
kiko,0
kiko,0
kiko,0
kiko,0
kiko,0
kiko,0
kiko,0
kiko,0
kiko,0
kiko,0
kiko,0
kiko,0
kiko,0
kiko,0
kiko,0
kiko,0
kiko,0
kiko,0
kiko,0
kiko,0
kiko,0
kiko,0
kiko,0
kiko,0
kiko,0
kiko,0
kiko,0
kiko,0
kiko,0
kiko,0
kiko,0
kiko,0
kiko,0
kiko,0
kiko,0
kiko,0
kiko,0
kiko,0
kiko,0
kiko,0
kiko,0
kiko,0
kiko,0
kiko,0
kiko,0
kiko,0
kiko,0
kiko,0
kiko,0
kiko,0
kiko,0
kiko,0
kiko,0
kiko,0
kiko,0
kiko,0
kiko,0
kiko,0
kiko,0
kiko,0
kiko,0
kiko,0
kiko,0
kiko,0
kiko,0
kiko,0
kiko,0
kiko,0
kiko,0
kiko,0
kiko,0
kiko,0
kiko,0
kiko,0
kiko,0
kiko,0
kiko,0
kiko,0
kiko,0
kiko,0
kiko,0
kiko,0
kiko,0
kiko,0
kiko,0
kiko,0
kiko,0
kiko,0
kiko,0
kiko,0
kiko,0
kiko,0
kiko,0
kiko,0
kiko,0
kiko,0
kiko,0
kiko,0
kiko,0
kiko,0
kiko,0
kiko,0
kiko,0
kiko,0
kiko,0
kiko,0
kiko,0
kiko,0
kiko,0
kiko,0
kiko,0
kiko,0
kiko,0
kiko,0
kiko,0
kiko,0
kiko,0
kiko,0
kiko,0
kiko,0
kiko,0
kiko,0
kiko,0
kiko,0
kiko,0
kiko,0
kiko,0
kiko,0
kiko,0
kiko,0
kiko,0
kiko,0
kiko,0
kiko,0
kiko,0
kiko,0
kiko,0
kiko,0
kiko,0
kiko,0
kiko,0
kiko,0
kiko,0
kiko,0
kiko,0
kiko,0
kiko,0
kiko,0
kiko,0
kiko,0
kiko,0
kiko,0
kiko,0
kiko,0
kiko,0
kiko,0
kiko,0
kiko,0
kiko,0
kiko,0
kiko,0
kiko,0
kiko,0
kiko,0
kiko,0
kiko,0
kiko,0
kiko,0
kiko,0
kiko,0
kiko,0
kiko,0
kiko,0
kiko,0
kiko,0
kiko,0
kiko,0
kiko,0
kiko,0
kiko,0
kiko,0
kiko,0
kiko,0
kiko,0
kiko,0
kiko,0
kiko,0
kiko,0
kiko,0
kiko,0
kiko,0
kiko,0
kiko,0
kiko,0
kiko,0
kiko,0
kiko,0
kiko,0
kiko,0
kiko,0
kiko,0
kiko,0
kiko,0
kiko,0
kiko,0
kiko,0
kiko,0
kiko,0
kiko,0
kiko,0
kiko,0
kiko,0
kiko,0
kiko,0
kiko,0
kiko,0
kiko,0
kiko,0
kiko,0
kiko,0
kiko,0
kiko,0
kiko,0
kiko,0
kiko,0
kiko,0
kiko,0
kiko,0
kiko,0
kiko,0
kiko,0
kiko,0
kiko,0
kiko,0
kiko,0
kiko,0
kiko,0
kiko,0
kiko,0
kiko,0
kiko,0
kiko,0
kiko,0
kiko,0
kiko,0
kiko,0
kiko,0
kiko,0
kiko,0
kiko,0
kiko,0
kiko,0
kiko,0
kiko,0
kiko,0
kiko,0
kiko,0
kiko,0
kiko,0
kiko,0
kiko,0
kiko,0
kiko,0
kiko,0
kiko,0
kiko,0
kiko,0
kiko,0
kiko,0
kiko,0
kiko,0
kiko,0
kiko,0
kiko,0
kiko,0
kiko,0
kiko,0
kiko,0
kiko,0
kiko,0
kiko,0
kiko,0
kiko,0
kiko,0
kiko,0
kiko,0
kiko,0
kiko,0
kiko,0
kiko,0
kiko,0
kiko,0
kiko,0
kiko,0
kiko,0
kiko,0
kiko,0
kiko,0
kiko,0
kiko,0
kiko,0
kiko,0
kiko,0
kiko,0
kiko,0
kiko,0
kiko,0
kiko,0
kiko,0
kiko,0
kiko,0
kiko,0
kiko,0
kiko,0
kiko,0
kiko,0
kiko,0
kiko,0
kiko,0
kiko,0
kiko,0
kiko,0
kiko,0
kiko,0
kiko,0
kiko,0
kiko,0
kiko,0
kiko,0
kiko,0
kiko,0
kiko,0
kiko,0
kiko,0
kiko,0
kiko,0
kiko,0
kiko,0
kiko,0
kiko,0
kiko,0
kiko,0
kiko,0
kiko,0
kiko,0
kiko,0
kiko,0
kiko,0
kiko,0
kiko,0
kiko,0
kiko,0
kiko,0
kiko,0
kiko,0
kiko,0
kiko,0
kiko,0
kiko,0
kiko,0
kiko,0
kiko,0
kiko,0
kiko,0
kiko,0
kiko,0
kiko,0
kiko,0
kiko,0
kiko,0
kiko,0
kiko,0
kiko,0
kiko,0
kiko,0
kiko,0
kiko,0
kiko,0
kiko,0
kiko,0
kiko,0
kiko,0
kiko,0
kiko,0
kiko,0
kiko,0
kiko,0
kiko,0
kiko,0
kiko,0
kiko,0
kiko,0
kiko,0
kiko,0
kiko,0
kiko,0
kiko,0
kiko,0
kiko,0
kiko,0
kiko,0
kiko,0
kiko,0
kiko,0
kiko,0
kiko,0
kiko,0
kiko,0
kiko,0
kiko,0
kiko,0
kiko,0
kiko,0
kiko,0
kiko,0
kiko,0
kiko,0
kiko,0
kiko,0
kiko,0
kiko,0
kiko,0
kiko,0
kiko,0
kiko,0
kiko,0
kiko,0
kiko,0
kiko,0
kiko,0
kiko,0
kiko,0
kiko,0
kiko,0
kiko,0
kiko,0
kiko,0
kiko,0
kiko,0
kiko,0
kiko,0
kiko,0
kiko,0
kiko,0
kiko,0
kiko,0
kiko,0
kiko,0
kiko,0
kiko,0
kiko,0
kiko,0
kiko,0
kiko,0
kiko,0
kiko,0
kiko,0
kiko,0
kiko,0
kiko,0
kiko,0
kiko,0
kiko,0
kiko,0
kiko,0
kiko,0
kiko,0
kiko,0
kiko,0
kiko,0
kiko,0
kiko,0
kiko,0
kiko,0
kiko,0
kiko,0
kiko,0
kiko,0
kiko,0
kiko,0
kiko,0
kiko,0
kiko,0
kiko,0
kiko,0
kiko,0
kiko,0
kiko,0
kiko,0
kiko,0
kiko,0
kiko,0
kiko,0
kiko,0
kiko,0
kiko,0
kiko,0
kiko,0
kiko,0
kiko,0
kiko,0
kiko,0
kiko,0
kiko,0
kiko,0
kiko,0
kiko,0
kiko,0
kiko,0
kiko,0
kiko,0
kiko,0
kiko,0
kiko,0
kiko,0
kiko,0
kiko,0
kiko,0
kiko,0
kiko,0
kiko,0
kiko,0
kiko,0
kiko,0
kiko,0
kiko,0
kiko,0
kiko,0
kiko,0
kiko,0
kiko,0
kiko,0
kiko,0
kiko,0
kiko,0
kiko,0
kiko,0
kiko,0
kiko,0
kiko,0
kiko,0
kiko,0
kiko,0
kiko,0
kiko,0
kiko,0
kiko,0
kiko,0
kiko,0
kiko,0
kiko,0
kiko,0
kiko,0
kiko,0
kiko,0
kiko,0
kiko,0
kiko,0
kiko,0
kiko,0
kiko,0
kiko,0
kiko,0
kiko,0
kiko,0
kiko,0
kiko,0
kiko,0
kiko,0
kiko,0
kiko,0
lalo,0
lalo,0
lalo,0
lalo,0
lalo,0
lalo,0
lalo,0
lalo,0
lalo,0
lalo,0
lalo,0
lalo,0
lalo,0
lalo,0
lalo,0
lalo,0
lalo,0
lalo,0
lalo,0
lalo,0
lalo,0
lalo,0
lalo,0
lalo,0
lalo,0
lalo,0
lalo,0
lalo,0
lalo,0
lalo,0
lalo,0
lalo,0
lalo,0
lalo,0
lalo,0
lalo,0
lalo,0
lalo,0
lalo,0
lalo,0
lalo,0
lalo,0
lalo,0
lalo,0
lalo,0
lalo,0
lalo,0
lalo,0
lalo,0
lalo,0
lalo,0
lalo,0
lalo,0
lalo,0
lalo,0
lalo,0
lalo,0
lalo,0
lalo,0
lalo,0
lalo,0
lalo,0
lalo,0
lalo,0
lalo,0
lalo,0
lalo,0
lalo,0
lalo,0
lalo,0
lalo,0
lalo,0
lalo,0
lalo,0
lalo,0
lalo,0
lalo,0
lalo,0
lalo,0
lalo,0
lalo,0
lalo,0
lalo,0
lalo,0
lalo,0
lalo,0
lalo,0
lalo,0
lalo,0
kaka,0
kaka,0
kaka,0
kaka,0
kaka,0
kaka,0
lalo,0
lalo,0
lalo,0
lalo,0
lilo,0
lilo,0
lilo,0
lilo,0
lilo,0
lilo,0
lilo,0
chicho,0
chicho,0
chicho,0
chicho,0
chicho,0
kkiko,0
kkiko,0
kkiko,0
kkiko,0
kkiko,0
kkiko,0
kkiko,0
kkiko,0
kkiko,0
lila,0
kokopk,0
kokopk,0
kokopk,0
kokopk,0
lkjlñui,0
lkjlñui,0
lkjlñui,0
lkjlñui,0
lkjlñui,0
lkjlñui,0
lkjlñui,0
lkjlñui,0
lkjlñui,0
lkjlñui,0
lkjlñui,0
lkjlñui,0
lkjlñui,0
lkjlñui,0
lkjlñui,0
lkjlñui,0
lkjlñui,0
lkjlñui,0
lkjlñui,0
lkjlñui,0
lkjlñui,0
lkjlñui,0
lkjlñui,0
lkjlñui,0
lkjlñui,0
lkjlñui,0
lkjlñui,0
lkjlñui,0
lkjlñui,0
lkjlñui,0
lkjlñui,0
lkjlñui,0
lkjlñui,0
lkjlñui,0
lkjlñui,0
lkjlñui,0
lkjlñui,0
lkjlñui,0
lkjlñui,0
lkjlñui,0
lkjlñui,0
lkjlñui,0
lkjlñui,0
lkjlñui,0
lkjlñui,0
lkjlñui,0
lkjlñui,0
lkjlñui,0
lkjlñui,0
lkjlñui,0
lkjlñui,0
lkjlñui,0
lkjlñui,0
lkjlñui,0
lkjlñui,0
lkjlñui,0
lkjlñui,0
lkjlñui,0
lkjlñui,0
lkjlñui,0
lkjlñui,0
lkjlñui,0
lkjlñui,0
lkjlñui,0
lkjlñui,0
lkjlñui,0
lkjlñui,0
lkjlñui,0
lkjlñui,0
lkjlñui,0
lkjlñui,0
lkjlñui,0
lkjlñui,0
lkjlñui,0
lkjlñui,0
lkjlñui,0
lkjlñui,0
lkjlñui,0
lkjlñui,0
lkjlñui,0
lkjlñui,0
lkjlñui,0
lkjlñui,0
lkjlñui,0
lkjlñui,0
lkjlñui,0
lkjlñui,0
lkjlñui,0
lkjlñui,0
lkjlñui,0
lkjlñui,0
lkjlñui,0
lkjlñui,0
lkjlñui,0
lkjlñui,0
lkjlñui,0
lkjlñui,0
lkjlñui,0
lkjlñui,0
lkjlñui,0
lkjlñui,0
lkjlñui,0
lkjlñui,0
lkjlñui,0
lkjlñui,0
lkjlñui,0
lkjlñui,0
lkjlñui,0
lkjlñui,0
lkjlñui,0
lkjlñui,0
lkjlñui,0
lkjlñui,0
lkjlñui,0
lkjlñui,0
lkjlñui,0
lkjlñui,0
lkjlñui,0
lkjlñui,0
lkjlñui,0
lkjlñui,0
lkjlñui,0
lkjlñui,0
lkjlñui,0
lkjlñui,0
lkjlñui,0
lkjlñui,0
lkjlñui,0
lkjlñui,0
lkjlñui,0
lkjlñui,0
lkjlñui,0
lkjlñui,0
lkjlñui,0
lkjlñui,0
lkjlñui,0
lkjlñui,0
lkjlñui,0
lkjlñui,0
lkjlñui,0
lkjlñui,0
lkjlñui,0
lkjlñui,0
lkjlñui,0
lkjlñui,0
lkjlñui,0
lkjlñui,0
lkjlñui,0
lkjlñui,0
lkjlñui,0
lkjlñui,0
lkjlñui,0
lkjlñui,0
lkjlñui,0
lkjlñui,0
lkjlñui,0
lkjlñui,0
lkjlñui,0
lkjlñui,0
lkjlñui,0
lkjlñui,0
lkjlñui,0
lkjlñui,0
lkjlñui,0
lkjlñui,0
lkjlñui,0
lkjlñui,0
lkjlñui,0
lkjlñui,0
lkjlñui,0
lkjlñui,0
lkjlñui,0
lkjlñui,0
lkjlñui,0
lkjlñui,0
lkjlñui,0
lkjlñui,0
lkjlñui,0
lkjlñui,0
lkjlñui,0
lkjlñui,0
lkjlñui,0
lkjlñui,0
lkjlñui,0
lkjlñui,0
lkjlñui,0
lkjlñui,0
lkjlñui,0
lkjlñui,0
lkjlñui,0
lkjlñui,0
lkjlñui,0
lkjlñui,0
lkjlñui,0
lkjlñui,0
lkjlñui,0
lkjlñui,0
lkjlñui,0
lkjlñui,0
lkjlñui,0
lkjlñui,0
lkjlñui,0
lkjlñui,0
lkjlñui,0
lkjlñui,0
lkjlñui,0
lkjlñui,0
lkjlñui,0
lkjlñui,0
lkjlñui,0
lkjlñui,0
lkjlñui,0
lkjlñui,0
lkjlñui,0
lkjlñui,0
lkjlñui,0
lkjlñui,0
lkjlñui,0
lkjlñui,0
lkjlñui,0
lkjlñui,0
lkjlñui,0
lkjlñui,0
lkjlñui,0
lkjlñui,0
lkjlñui,0
lkjlñui,0
lkjlñui,0
lkjlñui,0
lkjlñui,0
lkjlñui,0
lkjlñui,0
lkjlñui,0
lkjlñui,0
lkjlñui,0
lkjlñui,0
lkjlñui,0
lkjlñui,0
lkjlñui,0
lkjlñui,0
lkjlñui,0
lkjlñui,0
lkjlñui,0
lkjlñui,0
lkjlñui,0
lkjlñui,0
lkjlñui,0
lkjlñui,0
lkjlñui,0
lkjlñui,0
lkjlñui,0
lkjlñui,0
lkjlñui,0
lkjlñui,0
lkjlñui,0
lkjlñui,0
lkjlñui,0
lkjlñui,0
lkjlñui,0
lkjlñui,0
lkjlñui,0
lkjlñui,0
lkjlñui,0
lkjlñui,0
lkjlñui,0
lkjlñui,0
lkjlñui,0
lkjlñui,0
lkjlñui,0
lkjlñui,0
lkjlñui,0
lkjlñui,0
lkjlñui,0
lkjlñui,0
lkjlñui,0
lkjlñui,0
lkjlñui,0
lkjlñui,0
lkjlñui,0
lkjlñui,0
lkjlñui,0
lkjlñui,0
kajlkshdn,0
jajaja,0
jajaja,0
jajaja,0
jajaja,0
jajaja,0
jajaja,0
jajaja,0
jajaja,0
jajaja,0
jajaja,0
jajaja,0
jajaja,0
jajaja,0
jajaja,0
jajaja,0
jajaja,0
jajaja,0
jajaja,0
jajaja,0
jajaja,0
jajaja,0
jajaja,0
jajaja,0
jajaja,0
jajaja,0
jajaja,0
jajaja,0
jajaja,0
jajaja,0
jajaja,0
jajaja,0
jajaja,0
jajaja,0
jajaja,0
jajaja,0
jajaja,0
jajaja,0
jajaja,0
jajaja,0
jajaja,0
jajaja,0
jajaja,0
jajaja,0
jajaja,0
jajaja,0
jajaja,0
jajaja,0
jajaja,0
jajaja,0
jajaja,0
jajaja,0
jajaja,0
jajaja,0
jajaja,0
jajaja,0
jajaja,0
jajaja,0
jajaja,0
jajaja,0
jajaja,0
jajaja,0
jajaja,0
jajaja,0
jajaja,0
jajaja,0
jajaja,0
jajaja,0
jajaja,0
jajaja,0
jajaja,0
jajaja,0
jajaja,0
jajaja,0
jajaja,0
jajaja,0
jajaja,0
jajaja,0
jajaja,0
jajaja,0
jajaja,0
jajaja,0
jajaja,0
jajaja,0
jajaja,0
jajaja,0
jajaja,0
jajaja,0
jajaja,0
jajaja,0
jajaja,0
jajaja,0
jajaja,0
jajaja,0
jajaja,0
jajaja,0
jajaja,0
jajaja,0
jajaja,0
jajaja,0
jajaja,0
jajaja,0
jajaja,0
jajaja,0
jajaja,0
jajaja,0
jajaja,0
jajaja,0
jajaja,0
jajaja,0
jajaja,0
jajaja,0
jajaja,0
jajaja,0
jajaja,0
jajaja,0
jajaja,0
jajaja,0
jajaja,0
jajaja,0
jajaja,0
jajaja,0
jajaja,0
jajaja,0
jajaja,0
jajaja,0
jajaja,0
jajaja,0
jajaja,0
jajaja,0
jdsN,0
jdsN,0
jdsN,0
jdsN,0
jdsN,0
jdsN,0
jdsN,0
jdsN,0
jdsN,0
jdsN,0
jdsN,0
jdsN,0
jdsN,0
jdsN,0
jdsN,0
jdsN,0
jdsN,0
jdsN,0
jdsN,0
jdsN,0
jdsN,0
jdsN,0
jdsN,0
jdsN,0
jdsN,0
jdsN,0
jdsN,0
jdsN,0
jdsN,0
jdsN,0
jdsN,0
jdsN,0
jdsN,0
jdsN,0
jdsN,0
jdsN,0
jdsN,0
jdsN,0
jdsN,0
jdsN,0
jdsN,0
jdsN,0
jdsN,0
jdsN,0
jdsN,0
jdsN,0
jdsN,0
jdsN,0
jdsN,0
jdsN,0
jdsN,0
jdsN,0
jdsN,0
jdsN,0
jdsN,0
jdsN,0
jdsN,0
jdsN,0
jdsN,0
jdsN,0
jdsN,0
jdsN,0
jdsN,0
jdsN,0
jdsN,0
jdsN,0
jdsN,0
jdsN,0
jdsN,0
jdsN,0
jdsN,0
jdsN,0
jdsN,0
jdsN,0
jdsN,0
jdsN,0
jdsN,0
jdsN,0
jdsN,0
jdsN,0
jdsN,0
jdsN,0
jdsN,0
jdsN,0
jdsN,0
jdsN,0
jdsN,0
jdsN,0
jdsN,0
jdsN,0
jdsN,0
jdsN,0
jdsN,0
jdsN,0
jdsN,0
jdsN,0
jdsN,0
jdsN,0
jdsN,0
jdsN,0
jdsN,0
jdsN,0
jdsN,0
jdsN,0
jdsN,0
jdsN,0
jdsN,0
jdsN,0
jdsN,0
jdsN,0
jdsN,0
jdsN,0
jdsN,0
jdsN,0
jdsN,0
jdsN,0
jdsN,0
jdsN,0
jdsN,0
jdsN,0
jdsN,0
jdsN,0
jdsN,0
jdsN,0
jdsN,0
jdsN,0
jdsN,0
jdsN,0
jdsN,0
jdsN,0
jdsN,0
jdsN,0
jdsN,0
jdsN,0
jdsN,0
jdsN,0
jdsN,0
jdsN,0
jdsN,0
jdsN,0
jdsN,0
jdsN,0
jdsN,0
jdsN,0
jdsN,0
jdsN,0
jdsN,0
jdsN,0
jdsN,0
jdsN,0
jdsN,0
jdsN,0
jdsN,0
jdsN,0
jdsN,0
jdsN,0
jdsN,0
jdsN,0
jdsN,0
jdsN,0
jdsN,0
jdsN,0
jdsN,0
jdsN,0
jdsN,0
jdsN,0
jdsN,0
jdsN,0
jdsN,0
jdsN,0
jdsN,0
jdsN,0
jdsN,0
jdsN,0
jdsN,0
jdsN,0
jdsN,0
jdsN,0
jdsN,0
jdsN,0
jdsN,0
jdsN,0
jdsN,0
jdsN,0
jdsN,0
jdsN,0
jdsN,0
jdsN,0
jdsN,0
jdsN,0
jdsN,0
jdsN,0
jdsN,0
jdsN,0
jdsN,0
jdsN,0
jdsN,0
jdsN,0
jdsN,0
jdsN,0
jdsN,0
jdsN,0
jdsN,0
jdsN,0
jdsN,0
jdsN,0
jdsN,0
jdsN,0
jdsN,0
jdsN,0
jdsN,0
jdsN,0
jdsN,0
jdsN,0
jdsN,0
jdsN,0
jdsN,0
jdsN,0
jdsN,0
jdsN,0
jdsN,0
jdsN,0
jdsN,0
jdsN,0
jdsN,0
jdsN,0
jdsN,0
jdsN,0
jdsN,0
jdsN,0
jdsN,0
jdsN,0
jdsN,0
jdsN,0
jdsN,0
jdsN,0
jdsN,0
jdsN,0
jdsN,0
jdsN,0
jdsN,0
jdsN,0
jdsN,0
jdsN,0
jdsN,0
jdsN,0
jdsN,0
jdsN,0
jdsN,0
jdsN,0
jdsN,0
jdsN,0
jdsN,0
jdsN,0
jdsN,0
jdsN,0
jdsN,0
jdsN,0
jdsN,0
jdsN,0
jdsN,0
jdsN,0
jdsN,0
jdsN,0
jdsN,0
jdsN,0
jdsN,0
jdsN,0
jdsN,0
jdsN,0
jdsN,0
jdsN,0
jdsN,0
jdsN,0
jdsN,0
jdsN,0
jdsN,0
jdsN,0
jdsN,0
jdsN,0
jdsN,0
jdsN,0
jdsN,0
jdsN,0
jdsN,0
jdsN,0
jdsN,0
jdsN,0
jdsN,0
jdsN,0
jdsN,0
jdsN,0
jdsN,0
jdsN,0
jdsN,0
jdsN,0
jdsN,0
jdsN,0
jdsN,0
jdsN,0
jdsN,0
jdsN,0
jdsN,0
jdsN,0
jdsN,0
jdsN,0
jdsN,0
jdsN,0
jdsN,0
jdsN,0
jdsN,0
jdsN,0
jdsN,0
jdsN,0
jdsN,0
jdsN,0
jdsN,0
jdsN,0
jdsN,0
jdsN,0
jdsN,0
jdsN,0
jdsN,0
jdsN,0
jdsN,0
jdsN,0
jdsN,0
jdsN,0
jdsN,0
jdsN,0
jdsN,0
jdsN,0
jdsN,0
jdsN,0
jdsN,0
jdsN,0
jdsN,0
jdsN,0
jdsN,0
jdsN,0
jdsN,0
jdsN,0
jdsN,0
jdsN,0
jdsN,0
jdsN,0
jdsN,0
jdsN,0
jdsN,0
jdsN,0
jdsN,0
jdsN,0
jdsN,0
jdsN,0
jdsN,0
jdsN,0
jdsN,0
jdsN,0
jdsN,0
jdsN,0
jdsN,0
jdsN,0
jdsN,0
jdsN,0
jdsN,0
jdsN,0
jdsN,0
jdsN,0
jdsN,0
jdsN,0
jdsN,0
jdsN,0
jdsN,0
jdsN,0
jdsN,0
jdsN,0
jdsN,0
jdsN,0
jdsN,0
jdsN,0
jdsN,0
jdsN,0
jdsN,0
jdsN,0
jdsN,0
jdsN,0
jdsN,0
jdsN,0
jdsN,0
jdsN,0
jdsN,0
jdsN,0
jdsN,0
jdsN,0
jdsN,0
jdsN,0
jdsN,0
jdsN,0
jdsN,0
jdsN,0
jdsN,0
jdsN,0
jdsN,0
jdsN,0
jdsN,0
jdsN,0
jdsN,0
jdsN,0
jdsN,0
jdsN,0
jdsN,0
jdsN,0
jdsN,0
jdsN,0
jdsN,0
jdsN,0
jdsN,0
jdsN,0
jdsN,0
jdsN,0
jdsN,0
jdsN,0
jdsN,0
jdsN,0
jdsN,0
jdsN,0
jdsN,0
jdsN,0
jdsN,0
jdsN,0
jdsN,0
jdsN,0
jdsN,0
jdsN,0
jdsN,0
jdsN,0
jdsN,0
jdsN,0
jdsN,0
jdsN,0
jdsN,0
jdsN,0
jdsN,0
jdsN,0
jdsN,0
jdsN,0
jdsN,0
jdsN,0
jdsN,0
jdsN,0
jdsN,0
jdsN,0
jdsN,0
jdsN,0
jdsN,0
jdsN,0
jdsN,0
jdsN,0
jdsN,0
jdsN,0
jdsN,0
jdsN,0
jdsN,0
jdsN,0
jdsN,0
jdsN,0
jdsN,0
jdsN,0
jdsN,0
jdsN,0
jdsN,0
jdsN,0
jdsN,0
jdsN,0
jdsN,0
jdsN,0
jdsN,0
jdsN,0
jdsN,0
jdsN,0
jdsN,0
jdsN,0
jdsN,0
jdsN,0
jdsN,0
jdsN,0
jdsN,0
jdsN,0
jdsN,0
jdsN,0
jdsN,0
jdsN,0
jdsN,0
jdsN,0
jdsN,0
jdsN,0
jdsN,0
jdsN,0
jdsN,0
jdsN,0
jdsN,0
jdsN,0
jdsN,0
jdsN,0
jdsN,0
jdsN,0
jdsN,0
jdsN,0
jdsN,0
jdsN,0
jdsN,0
jdsN,0
jdsN,0
jdsN,0
jdsN,0
jdsN,0
jdsN,0
jdsN,0
jdsN,0
jdsN,0
jdsN,0
jdsN,0
jdsN,0
jdsN,0
jdsN,0
jdsN,0
jdsN,0
jdsN,0
jdsN,0
jdsN,0
jdsN,0
jdsN,0
jdsN,0
jdsN,0
jdsN,0
jdsN,0
jdsN,0
jdsN,0
jdsN,0
jdsN,0
jdsN,0
jdsN,0
jdsN,0
jdsN,0
jdsN,0
jdsN,0
jdsN,0
jdsN,0
jdsN,0
jdsN,0
jdsN,0
jdsN,0
jdsN,0
jdsN,0
jdsN,0
jfdalf,0
jfdalf,0
jfdalf,0
jfdalf,0
jfdalf,0
jfdalf,0
jfdalf,0
jfdalf,0
jfdalf,0
jfdalf,0
jfdalf,0
jfdalf,0
jfdalf,0
jfdalf,0
jfdalf,0
jfdalf,0
jfdalf,0
jfdalf,0
jfdalf,0
jfdalf,0
jfdalf,0
jfdalf,0
jfdalf,0
jfdalf,0
jfdalf,0
jfdalf,0
jfdalf,0
jfdalf,0
jfdalf,0
jfdalf,0
jfdalf,0
jfdalf,0
jfdalf,0
jfdalf,0
jfdalf,0
jfdalf,0
jfdalf,0
jfdalf,0
jfdalf,0
jfdalf,0
jfdalf,0
jfdalf,0
jfdalf,0
jfdalf,0
jfdalf,0
jfdalf,0
jfdalf,0
jfdalf,0
jfdalf,0
jfdalf,0
jfdalf,0
jfdalf,0
jfdalf,0
jfdalf,0
jfdalf,0
jfdalf,0
jfdalf,0
jfdalf,0
jfdalf,0
jfdalf,0
jfdalf,0
jfdalf,0
jfdalf,0
jfdalf,0
jfdalf,0
jfdalf,0
jfdalf,0
jfdalf,0
jfdalf,0
jfdalf,0
jfdalf,0
jfdalf,0
jfdalf,0
jfdalf,0
jfdalf,0
jfdalf,0
jfdalf,0
jfdalf,0
jfdalf,0
jfdalf,0
jfdalf,0
jfdalf,0
jfdalf,0
jfdalf,0
jfdalf,0
jfdalf,0
jfdalf,0
jfdalf,0
jfdalf,0
jfdalf,0
jfdalf,0
jfdalf,0
jfdalf,0
jfdalf,0
jfdalf,0
jfdalf,0
jfdalf,0
jfdalf,0
jfdalf,0
jfdalf,0
jfdalf,0
jfdalf,0
jfdalf,0
jfdalf,0
jfdalf,0
jfdalf,0
jfdalf,0
jfdalf,0
jfdalf,0
jfdalf,0
jfdalf,0
jfdalf,0
jfdalf,0
jfdalf,0
jfdalf,0
jfdalf,0
jfdalf,0
jfdalf,0
jfdalf,0
jfdalf,0
jfdalf,0
jfdalf,0
jfdalf,0
jfdalf,0
jfdalf,0
jfdalf,0
jfdalf,0
jfdalf,0
jfdalf,0
jfdalf,0
jfdalf,0
jfdalf,0
jfdalf,0
jfdalf,0
jfdalf,0
jfdalf,0
jfdalf,0
jfdalf,0
jfdalf,0
jfdalf,0
jfdalf,0
jfdalf,0
jfdalf,0
jfdalf,0
jfdalf,0
jfdalf,0
jfdalf,0
jfdalf,0
jfdalf,0
jfdalf,0
jfdalf,0
jfdalf,0
jfdalf,0
jfdalf,0
jfdalf,0
jfdalf,0
jfdalf,0
jfdalf,0
jfdalf,0
jfdalf,0
jfdalf,0
jfdalf,0
jfdalf,0
jfdalf,0
jfdalf,0
jfdalf,0
jfdalf,0
jfdalf,0
jfdalf,0
jfdalf,0
jfdalf,0
jfdalf,0
jfdalf,0
jfdalf,0
jfdalf,0
jfdalf,0
jfdalf,0
jfdalf,0
jfdalf,0
jfdalf,0
jfdalf,0
jfdalf,0
jfdalf,0
jfdalf,0
jfdalf,0
jfdalf,0
jfdalf,0
jfdalf,0
jfdalf,0
jfdalf,0
jfdalf,0
jfdalf,0
jfdalf,0
jfdalf,0
jfdalf,0
jfdalf,0
jfdalf,0
jfdalf,0
jfdalf,0
jfdalf,0
jfdalf,0
jfdalf,0
jfdalf,0
jfdalf,0
jfdalf,0
jfdalf,0
jfdalf,0
jfdalf,0
jfdalf,0
jfdalf,0
jfdalf,0
jfdalf,0
jfdalf,0
jfdalf,0
jfdalf,0
jfdalf,0
jfdalf,0
jfdalf,0
jfdalf,0
jfdalf,0
jfdalf,0
jfdalf,0
jfdalf,0
jfdalf,0
jfdalf,0
jfdalf,0
jfdalf,0
jfdalf,0
jfdalf,0
jfdalf,0
jfdalf,0
jfdalf,0
jfdalf,0
jfdalf,0
jfdalf,0
jfdalf,0
jfdalf,0
jfdalf,0
jfdalf,0
jfdalf,0
jfdalf,0
jfdalf,0
jfdalf,0
jfdalf,0
jfdalf,0
jfdalf,0
jfdalf,0
jfdalf,0
jfdalf,0
jfdalf,0
jfdalf,0
jfdalf,0
jfdalf,0
jfdalf,0
jfdalf,0
jfdalf,0
jfdalf,0
jfdalf,0
jfdalf,0
jfdalf,0
jfdalf,0
jfdalf,0
jfdalf,0
jfdalf,0
jfdalf,0
jfdalf,0
jfdalf,0
jfdalf,0
jfdalf,0
jfdalf,0
jfdalf,0
jfdalf,0
jfdalf,0
jfdalf,0
jfdalf,0
jfdalf,0
jfdalf,0
jfdalf,0
jfdalf,0
jfdalf,0
jfdalf,0
jfdalf,0
jfdalf,0
jfdalf,0
jfdalf,0
jfdalf,0
jfdalf,0
jfdalf,0
jfdalf,0
jfdalf,0
jfdalf,0
jfdalf,0
jfdalf,0
jfdalf,0
jfdalf,0
jfdalf,0
jfdalf,0
jfdalf,0
jfdalf,0
jfdalf,0
jfdalf,0
jfdalf,0
jfdalf,0
jfdalf,0
jfdalf,0
jfdalf,0
jfdalf,0
jfdalf,0
jfdalf,0
jfdalf,0
jfdalf,0
jfdalf,0
jfdalf,0
jfdalf,0
jfdalf,0
jfdalf,0
jfdalf,0
jfdalf,0
jfdalf,0
jfdalf,0
jfdalf,0
jfdalf,0
jfdalf,0
jfdalf,0
jfdalf,0
jfdalf,0
jfdalf,0
jfdalf,0
jfdalf,0
jfdalf,0
jfdalf,0
jfdalf,0
jfdalf,0
jfdalf,0
jfdalf,0
jfdalf,0
jfdalf,0
jfdalf,0
jfdalf,0
jfdalf,0
jfdalf,0
jfdalf,0
jfdalf,0
jfdalf,0
jfdalf,0
jfdalf,0
jfdalf,0
jfdalf,0
jfdalf,0
jfdalf,0
jfdalf,0
jfdalf,0
jfdalf,0
jfdalf,0
jfdalf,0
jfdalf,0
jfdalf,0
jfdalf,0
jfdalf,0
jfdalf,0
jfdalf,0
jfdalf,0
jfdalf,0
jfdalf,0
jfdalf,0
jfdalf,0
jfdalf,0
jfdalf,0
jfdalf,0
jfdalf,0
jfdalf,0
jfdalf,0
jfdalf,0
jfdalf,0
jfdalf,0
jfdalf,0
jfdalf,0
jfdalf,0
jfdalf,0
jfdalf,0
jfdalf,0
jfdalf,0
jfdalf,0
jfdalf,0
jfdalf,0
jfdalf,0
jfdalf,0
jfdalf,0
jfdalf,0
jfdalf,0
jfdalf,0
jfdalf,0
jfdalf,0
jfdalf,0
jfdalf,0
jfdalf,0
jfdalf,0
jfdalf,0
jfdalf,0
jfdalf,0
jfdalf,0
jfdalf,0
jfdalf,0
jfdalf,0
jfdalf,0
jfdalf,0
jfdalf,0
jfdalf,0
jfdalf,0
jfdalf,0
jfdalf,0
jfdalf,0
jfdalf,0
jfdalf,0
jfdalf,0
jfdalf,0
jfdalf,0
jfdalf,0
jfdalf,0
jfdalf,0
jfdalf,0
jfdalf,0
jfdalf,0
jfdalf,0
jfdalf,0
jfdalf,0
jfdalf,0
jfdalf,0
jfdalf,0
dahflJDAG,0
dahflJDAG,0
dahflJDAG,0
dahflJDAG,0
dahflJDAG,0
dahflJDAG,0
dahflJDAG,0
dahflJDAG,0
dahflJDAG,0
dahflJDAG,0
dahflJDAG,0
dahflJDAG,0
dahflJDAG,0
dahflJDAG,0
dahflJDAG,0
dahflJDAG,0
dahflJDAG,0
dahflJDAG,0
dahflJDAG,0
dahflJDAG,0
dahflJDAG,0
dahflJDAG,0
dahflJDAG,0
dahflJDAG,0
dahflJDAG,0
dahflJDAG,0
dahflJDAG,0
dahflJDAG,0
dahflJDAG,0
dahflJDAG,0
dahflJDAG,0
dahflJDAG,0
dahflJDAG,0
dahflJDAG,0
dahflJDAG,0
dahflJDAG,0
dahflJDAG,0
dahflJDAG,0
dahflJDAG,0
dahflJDAG,0
dahflJDAG,0
dahflJDAG,0
dahflJDAG,0
dahflJDAG,0
dahflJDAG,0
dahflJDAG,0
dahflJDAG,0
dahflJDAG,0
dahflJDAG,0
dahflJDAG,0
dahflJDAG,0
dahflJDAG,0
dahflJDAG,0
dahflJDAG,0
dahflJDAG,0
dahflJDAG,0
dahflJDAG,0
dahflJDAG,0
dahflJDAG,0
dahflJDAG,0
dahflJDAG,0
dahflJDAG,0
dahflJDAG,0
dahflJDAG,0
dahflJDAG,0
dahflJDAG,0
dahflJDAG,0
dahflJDAG,0
dahflJDAG,0
dahflJDAG,0
dahflJDAG,0
dahflJDAG,0
dahflJDAG,0
dahflJDAG,0
dahflJDAG,0
dahflJDAG,0
dahflJDAG,0
dahflJDAG,0
dahflJDAG,0
dahflJDAG,0
dahflJDAG,0
dahflJDAG,0
dahflJDAG,0
dahflJDAG,0
dahflJDAG,0
dahflJDAG,0
dahflJDAG,0
dahflJDAG,0
dahflJDAG,0
dahflJDAG,0
dahflJDAG,0
dahflJDAG,0
dahflJDAG,0
dahflJDAG,0
dahflJDAG,0
dahflJDAG,0
dahflJDAG,0
dahflJDAG,0
dahflJDAG,0
dahflJDAG,0
dahflJDAG,0
dahflJDAG,0
dahflJDAG,0
dahflJDAG,0
dahflJDAG,0
dahflJDAG,0
dahflJDAG,0
dahflJDAG,0
dahflJDAG,0
dahflJDAG,0
dahflJDAG,0
dahflJDAG,0
dahflJDAG,0
dahflJDAG,0
dahflJDAG,0
dahflJDAG,0
dahflJDAG,0
dahflJDAG,0
dahflJDAG,0
dahflJDAG,0
dahflJDAG,0
dahflJDAG,0
dahflJDAG,0
dahflJDAG,0
dahflJDAG,0
dahflJDAG,0
dahflJDAG,0
dahflJDAG,0
dahflJDAG,0
dahflJDAG,0
dahflJDAG,0
dahflJDAG,0
dahflJDAG,0
dahflJDAG,0
dahflJDAG,0
dahflJDAG,0
dahflJDAG,0
dahflJDAG,0
dahflJDAG,0
dahflJDAG,0
dahflJDAG,0
dahflJDAG,0
dahflJDAG,0
dahflJDAG,0
dahflJDAG,0
dahflJDAG,0
dahflJDAG,0
dahflJDAG,0
dahflJDAG,0
dahflJDAG,0
dahflJDAG,0
dahflJDAG,0
dahflJDAG,0
dahflJDAG,0
dahflJDAG,0
dahflJDAG,0
dahflJDAG,0
dahflJDAG,0
dahflJDAG,0
dahflJDAG,0
dahflJDAG,0
dahflJDAG,0
dahflJDAG,0
dahflJDAG,0
dahflJDAG,0
dahflJDAG,0
dahflJDAG,0
dahflJDAG,0
dahflJDAG,0
dahflJDAG,0
dahflJDAG,0
dahflJDAG,0
dahflJDAG,0
dahflJDAG,0
dahflJDAG,0
dahflJDAG,0
dahflJDAG,0
dahflJDAG,0
dahflJDAG,0
dahflJDAG,0
dahflJDAG,0
dahflJDAG,0
dahflJDAG,0
dahflJDAG,0
dahflJDAG,0
dahflJDAG,0
dahflJDAG,0
dahflJDAG,0
dahflJDAG,0
dahflJDAG,0
dahflJDAG,0
dahflJDAG,0
dahflJDAG,0
dahflJDAG,0
dahflJDAG,0
dahflJDAG,0
dahflJDAG,0
dahflJDAG,0
dahflJDAG,0
dahflJDAG,0
dahflJDAG,0
dahflJDAG,0
dahflJDAG,0
dahflJDAG,0
dahflJDAG,0
dahflJDAG,0
dahflJDAG,0
dahflJDAG,0
dahflJDAG,0
dahflJDAG,0
dahflJDAG,0
dahflJDAG,0
dahflJDAG,0
dahflJDAG,0
dahflJDAG,0
dahflJDAG,0
dahflJDAG,0
dahflJDAG,0
dahflJDAG,0
dahflJDAG,0
dahflJDAG,0
dahflJDAG,0
dahflJDAG,0
dahflJDAG,0
dahflJDAG,0
dahflJDAG,0
dahflJDAG,0
dahflJDAG,0
dahflJDAG,0
dahflJDAG,0
dahflJDAG,0
dahflJDAG,0
dahflJDAG,0
hfhdafs,0
hfhdafs,0
hfhdafs,0
hfhdafs,0
hfhdafs,0
hfhdafs,0
hfhdafs,0
hfhdafs,0
hfhdafs,0
hfhdafs,0
hfhdafs,0
hfhdafs,0
hfhdafs,0
hfhdafs,0
hfhdafs,0
hfhdafs,0
hfhdafs,0
hfhdafs,0
hfhdafs,0
hfhdafs,0
hfhdafs,0
hfhdafs,0
hfhdafs,0
hfhdafs,0
hfhdafs,0
hfhdafs,0
hfhdafs,0
hfhdafs,0
hfhdafs,0
hfhdafs,0
hfhdafs,0
hfhdafs,0
hfhdafs,0
hfhdafs,0
hfhdafs,0
hfhdafs,0
hfhdafs,0
hfhdafs,0
hfhdafs,0
hfhdafs,0
hfhdafs,0
hfhdafs,0
hfhdafs,0
hfhdafs,0
hfhdafs,0
hfhdafs,0
hfhdafs,0
hfhdafs,0
hfhdafs,0
hfhdafs,0
hfhdafs,0
hfhdafs,0
hfhdafs,0
hfhdafs,0
hfhdafs,0
hfhdafs,0
hfhdafs,0
hfhdafs,0
hfhdafs,0
hfhdafs,0
hfhdafs,0
hfhdafs,0
hfhdafs,0
hfhdafs,0
hfhdafs,0
hfhdafs,0
hfhdafs,0
hfhdafs,0
hfhdafs,0
hfhdafs,0
hfhdafs,0
hfhdafs,0
hfhdafs,0
hfhdafs,0
hfhdafs,0
hfhdafs,0
hfhdafs,0
hfhdafs,0
hfhdafs,0
hfhdafs,0
hfhdafs,0
hfhdafs,0
hfhdafs,0
hfhdafs,0
hfhdafs,0
hfhdafs,0
hfhdafs,0
hfhdafs,0
hfhdafs,0
hfhdafs,0
hfhdafs,0
hfhdafs,0
hfhdafs,0
hfhdafs,0
hfhdafs,0
hfhdafs,0
hfhdafs,0
hfhdafs,0
hfhdafs,0
hfhdafs,0
hfhdafs,0
hfhdafs,0
hfhdafs,0
hfhdafs,0
hfhdafs,0
hfhdafs,0
hfhdafs,0
hfhdafs,0
hfhdafs,0
hfhdafs,0
hfhdafs,0
hfhdafs,0
hfhdafs,0
hfhdafs,0
hfhdafs,0
hfhdafs,0
hfhdafs,0
hfhdafs,0
hfhdafs,0
hfhdafs,0
hfhdafs,0
hfhdafs,0
hfhdafs,0
hfhdafs,0
hfhdafs,0
hfhdafs,0
hfhdafs,0
hfhdafs,0
hfhdafs,0
hfhdafs,0
hfhdafs,0
hfhdafs,0
hfhdafs,0
hfhdafs,0
hfhdafs,0
hfhdafs,0
hfhdafs,0
hfhdafs,0
hfhdafs,0
hfhdafs,0
hfhdafs,0
hfhdafs,0
hfhdafs,0
hfhdafs,0
hfhdafs,0
hfhdafs,0
hfhdafs,0
hfhdafs,0
hfhdafs,0
hfhdafs,0
hfhdafs,0
hfhdafs,0
hfhdafs,0
hfhdafs,0
hfhdafs,0
hfhdafs,0
hfhdafs,0
hfhdafs,0
hfhdafs,0
hfhdafs,0
hfhdafs,0
hfhdafs,0
hfhdafs,0
hfhdafs,0
hfhdafs,0
hfhdafs,0
hfhdafs,0
hfhdafs,0
hfhdafs,0
hfhdafs,0
hfhdafs,0
hfhdafs,0
hfhdafs,0
hfhdafs,0
hfhdafs,0
hfhdafs,0
hfhdafs,0
hfhdafs,0
hfhdafs,0
hfhdafs,0
hfhdafs,0
hfhdafs,0
hfhdafs,0
hfhdafs,0
hfhdafs,0
hfhdafs,0
hfhdafs,0
hfhdafs,0
hfhdafs,0
hfhdafs,0
hfhdafs,0
hfhdafs,0
hfhdafs,0
hfhdafs,0
hfhdafs,0
hfhdafs,0
hfhdafs,0
hfhdafs,0
hfhdafs,0
hfhdafs,0
hfhdafs,0
hfhdafs,0
hfhdafs,0
hfhdafs,0
hfhdafs,0
hfhdafs,0
hfhdafs,0
hfhdafs,0
hfhdafs,0
hfhdafs,0
hfhdafs,0
hfhdafs,0
hfhdafs,0
hfhdafs,0
hfhdafs,0
hfhdafs,0
hfhdafs,0
hfhdafs,0
hfhdafs,0
hfhdafs,0
hfhdafs,0
hfhdafs,0
hfhdafs,0
hfhdafs,0
hfhdafs,0
hfhdafs,0
hfhdafs,0
hfhdafs,0
hfhdafs,0
hfhdafs,0
hfhdafs,0
hfhdafs,0
hfhdafs,0
hfhdafs,0
hfhdafs,0
hfhdafs,0
hfhdafs,0
hfhdafs,0
hfhdafs,0
hfhdafs,0
hfhdafs,0
hfhdafs,0
hfhdafs,0
hfhdafs,0
hfhdafs,0
hfhdafs,0
hfhdafs,0
hfhdafs,0
hfhdafs,0
hfhdafs,0
hfhdafs,0
hfhdafs,0
hfhdafs,0
hfhdafs,0
hfhdafs,0
hfhdafs,0
hfhdafs,0
hfhdafs,0
hfhdafs,0
hfhdafs,0
hfhdafs,0
hfhdafs,0
hfhdafs,0
hfhdafs,0
hfhdafs,0
hfhdafs,0
hfhdafs,0
hfhdafs,0
hfhdafs,0
hfhdafs,0
hfhdafs,0
hfhdafs,0
hfhdafs,0
hfhdafs,0
hfhdafs,0
hfhdafs,0
hfhdafs,0
hfhdafs,0
hfhdafs,0
fehajf,0
